{"accuracy": [0.8690000176429749, 0.8788766860961914, 0.8788766860961914, 0.8788766860961914, 0.8788766860961914, 0.8788766860961914, 0.8788766860961914, 0.8788766860961914, 0.8788766860961914, 0.8788766860961914, 0.8788766860961914, 0.8788766860961914, 0.8788766860961914, 0.8788766860961914, 0.8788766860961914, 0.8788766860961914, 0.8788766860961914, 0.8788766860961914, 0.8788766860961914, 0.8788766860961914, 0.8788766860961914, 0.8788766860961914, 0.8788766860961914, 0.8788766860961914, 0.8788766860961914, 0.8788766860961914, 0.8788766860961914, 0.8788766860961914, 0.8788766860961914, 0.8788766860961914, 0.8788766860961914, 0.8788766860961914, 0.8788766860961914, 0.8788766860961914, 0.8788766860961914, 0.8788766860961914, 0.8788766860961914, 0.8788766860961914, 0.8788766860961914], "loss": [0.5832858681678772, 0.5155386328697205, 0.5108176469802856, 0.508954644203186, 0.5077789425849915, 0.5072265267372131, 0.5090673565864563, 0.507628321647644, 0.5072736740112305, 0.506375789642334, 0.5063298344612122, 0.5061948299407959, 0.5064338445663452, 0.5061048865318298, 0.5059929490089417, 0.505915641784668, 0.5057966709136963, 0.5057080984115601, 0.5057123303413391, 0.5056590437889099, 0.5055618286132812, 0.505622386932373, 0.5055503249168396, 0.5055902004241943, 0.5054239630699158, 0.5054996013641357, 0.5054956674575806, 0.5053600072860718, 0.5053973197937012, 0.5053165555000305, 0.5054054260253906, 0.5052957534790039, 0.5054013729095459, 0.5053681135177612, 0.5054168701171875, 0.5051822662353516, 0.5052615404129028, 0.505398154258728, 0.5054108500480652], "val_accuracy": [0.8774200081825256, 0.8774200081825256, 0.8774200081825256, 0.8774200081825256, 0.8774200081825256, 0.8774200081825256, 0.8774200081825256, 0.8774200081825256, 0.8774200081825256, 0.8774200081825256, 0.8774200081825256, 0.8774200081825256, 0.8774200081825256, 0.8774200081825256, 0.8774200081825256, 0.8774200081825256, 0.8774200081825256, 0.8774200081825256, 0.8774200081825256, 0.8774200081825256, 0.8774200081825256, 0.8774200081825256, 0.8774200081825256, 0.8774200081825256, 0.8774200081825256, 0.8774200081825256, 0.8774200081825256, 0.8774200081825256, 0.8774200081825256, 0.8774200081825256, 0.8774200081825256, 0.8774200081825256, 0.8774200081825256, 0.8774200081825256, 0.8774200081825256, 0.8774200081825256, 0.8774200081825256, 0.8774200081825256, 0.8774200081825256], "val_loss": [0.5115601420402527, 0.5112078785896301, 0.50958251953125, 0.5088489055633545, 0.5100240707397461, 0.5091123580932617, 0.5102176666259766, 0.5207753777503967, 0.5092530250549316, 0.5090216994285583, 0.5093010067939758, 0.5088793635368347, 0.5091332197189331, 0.5090243220329285, 0.5087974667549133, 0.5086870193481445, 0.5087781548500061, 0.5087625980377197, 0.5087663531303406, 0.5089198350906372, 0.5088070034980774, 0.5085501670837402, 0.5086875557899475, 0.5085310339927673, 0.5086831450462341, 0.5086503624916077, 0.5085469484329224, 0.5086671113967896, 0.5085802674293518, 0.5085971355438232, 0.5085529685020447, 0.5086005330085754, 0.5086001753807068, 0.5086128115653992, 0.508599042892456, 0.5085750818252563, 0.5086053013801575, 0.5085996389389038, 0.5085920691490173], "learning_rate": [0.0010000000474974513, 0.0010000000474974513, 0.0010000000474974513, 0.0010000000474974513, 0.0010000000474974513, 0.0010000000474974513, 0.0010000000474974513, 0.0010000000474974513, 0.0010000000474974513, 0.0005000000237487257, 0.0005000000237487257, 0.0005000000237487257, 0.0005000000237487257, 0.0005000000237487257, 0.0002500000118743628, 0.0002500000118743628, 0.0002500000118743628, 0.0002500000118743628, 0.0002500000118743628, 0.0002500000118743628, 0.0002500000118743628, 0.0001250000059371814, 0.0001250000059371814, 0.0001250000059371814, 0.0001250000059371814, 0.0001250000059371814, 0.0001250000059371814, 6.25000029685907e-05, 6.25000029685907e-05, 6.25000029685907e-05, 6.25000029685907e-05, 6.25000029685907e-05, 3.125000148429535e-05, 3.125000148429535e-05, 3.125000148429535e-05, 3.125000148429535e-05, 3.125000148429535e-05, 1.5625000742147677e-05, 1.5625000742147677e-05]}