{
    "loss": 0.5085307955741882,
    "accuracy": 0.8774200081825256,
    "precision": 0.7698658564,
    "recall": 0.87742,
    "f1_score": 0.8201317301402989
}